hour_of_day,title_length_chars,body_length_chars,title_ends_with_question,is_nsfw,has_url_in_body,author_is_new,author_comment_karma,author_post_karma,flair_text,subreddit,is_distress
14,28,0,0,0,0,-1,-1,-1,None,fitness,0
18,59,0,0,0,0,-1,-1,-1,None,fitness,0
18,50,738,0,0,0,-1,-1,-1,None,depression,1
21,66,0,1,0,0,-1,-1,-1,None,AskReddit,0
18,62,2949,0,0,0,-1,-1,-1,None,depression,1
14,52,0,0,0,0,-1,-1,-1,None,fitness,0
20,25,0,0,0,0,-1,-1,-1,Content Warning: Suicidal Thoughts / Self Harm,mentalhealth,1
13,41,151,0,0,0,-1,-1,-1,None,CasualConversation,0
22,44,154,0,0,0,-1,-1,-1,Technique,productivity,0
16,37,655,0,0,0,-1,-1,-1,None,CasualConversation,0
18,73,0,0,0,0,-1,-1,-1,None,depression,1
12,25,567,0,0,0,-1,-1,-1,Health,anxiety,1
9,39,0,1,0,0,-1,-1,-1,None,fitness,0
18,170,2936,0,0,0,-1,-1,-1,None,depression,1
20,81,1103,1,0,0,-1,-1,-1,Question,mentalhealth,1
18,29,0,0,0,0,-1,-1,-1,Venting,mentalhealth,1
16,23,505,1,0,0,-1,-1,-1,Medication,anxiety,1
18,44,3483,1,0,0,-1,-1,-1,Question,mentalhealth,1
17,14,0,0,0,0,-1,-1,-1,None,fitness,0
21,39,0,1,0,0,-1,-1,-1,None,AskReddit,0
19,38,0,1,0,0,-1,-1,-1,None,fitness,0
21,48,0,1,0,0,-1,-1,-1,None,AskReddit,0
14,100,0,1,0,0,-1,-1,-1,None,fitness,0
13,77,0,1,0,0,-1,-1,-1,Technique,productivity,0
19,27,1514,0,0,0,-1,-1,-1,Question,mentalhealth,1
20,20,1145,1,0,0,-1,-1,-1,None,depression,1
15,32,388,0,0,0,-1,-1,-1,Medication,anxiety,1
7,33,0,0,0,0,-1,-1,-1,None,fitness,0
5,79,436,0,0,0,-1,-1,-1,Technique,productivity,0
21,58,0,1,1,0,-1,-1,-1,None,AskReddit,0
20,29,2077,0,0,0,-1,-1,-1,Medication,anxiety,1
17,45,0,0,0,0,-1,-1,-1,None,depression,1
21,94,0,1,0,0,-1,-1,-1,None,AskReddit,0
18,18,572,0,0,0,-1,-1,-1,Content Warning: Violence,mentalhealth,1
20,48,863,0,0,0,-1,-1,-1,None,depression,1
20,12,123,1,0,0,-1,-1,-1,None,depression,1
14,21,0,0,0,0,-1,-1,-1,None,fitness,0
18,24,1984,0,0,0,-1,-1,-1,Opinion / Thoughts,mentalhealth,1
10,39,0,0,0,0,-1,-1,-1,Technique,productivity,0
8,65,0,1,0,0,-1,-1,-1,Question,productivity,0
20,55,0,0,0,0,-1,-1,-1,None,SuicideWatch,1
16,53,579,0,0,0,-1,-1,-1,Medication,anxiety,1
17,2,142,0,0,0,-1,-1,-1,None,SuicideWatch,1
21,77,1224,0,0,0,-1,-1,-1,Venting,mentalhealth,1
21,42,0,1,1,0,-1,-1,-1,None,AskReddit,0
21,57,0,1,0,0,-1,-1,-1,None,AskReddit,0
19,33,0,1,0,0,-1,-1,-1,:question: Questions,CasualConversation,0
21,72,0,1,0,0,-1,-1,-1,None,AskReddit,0
19,35,0,0,0,0,-1,-1,-1,None,fitness,0
21,63,0,1,0,0,-1,-1,-1,None,AskReddit,0
14,33,2201,0,0,0,-1,-1,-1,Advice Needed,anxiety,1
21,27,1218,0,0,0,-1,-1,-1,None,SuicideWatch,1
18,41,0,0,0,0,-1,-1,-1,None,fitness,0
11,35,628,1,0,0,-1,-1,-1,Health,anxiety,1
20,29,0,0,0,0,-1,-1,-1,Content Warning: Suicidal Thoughts / Self Harm,mentalhealth,1
19,66,1121,1,0,0,-1,-1,-1,Opinion / Thoughts,mentalhealth,1
17,36,0,0,0,0,-1,-1,-1,None,CasualConversation,0
20,61,450,0,0,0,-1,-1,-1,Sadness / Grief,mentalhealth,1
16,48,357,0,0,0,-1,-1,-1,None,SuicideWatch,1
18,10,265,0,0,0,-1,-1,-1,None,SuicideWatch,1
14,102,246,1,0,0,-1,-1,-1,:question: Questions,CasualConversation,0
13,46,0,1,0,0,-1,-1,-1,Question,productivity,0
20,38,0,1,0,0,-1,-1,-1,None,fitness,0
21,12,674,0,1,0,-1,-1,-1,Content Warning: Suicidal Thoughts / Self Harm,mentalhealth,1
18,45,0,0,0,0,-1,-1,-1,Venting,anxiety,1
19,27,250,0,0,0,-1,-1,-1,None,CasualConversation,0
19,47,770,0,0,0,-1,-1,-1,None,depression,1
12,68,0,0,0,0,-1,-1,-1,Technique,productivity,0
20,72,1234,0,0,0,-1,-1,-1,Resources,mentalhealth,1
16,43,1305,0,0,0,-1,-1,-1,None,depression,1
21,96,0,1,0,0,-1,-1,-1,None,AskReddit,0
16,38,308,0,0,0,-1,-1,-1,None,SuicideWatch,1
10,100,0,0,0,0,-1,-1,-1,Software,productivity,0
20,91,44,1,0,0,-1,-1,-1,None,depression,1
20,29,488,0,1,0,-1,-1,-1,None,depression,1
16,44,837,1,0,0,-1,-1,-1,None,SuicideWatch,1
19,31,0,0,0,0,-1,-1,-1,Poetry,mentalhealth,1
14,68,413,0,0,0,-1,-1,-1,None,CasualConversation,0
21,58,0,1,0,0,-1,-1,-1,None,AskReddit,0
21,84,0,1,1,0,-1,-1,-1,None,AskReddit,0
19,23,0,0,0,0,-1,-1,-1,:story: Life Stories,CasualConversation,0
20,29,262,0,1,0,-1,-1,-1,None,SuicideWatch,1
18,43,844,0,0,0,-1,-1,-1,None,depression,1
17,13,79,0,0,0,-1,-1,-1,None,depression,1
21,39,0,1,0,0,-1,-1,-1,None,AskReddit,0
13,43,0,0,0,0,-1,-1,-1,General Advice,productivity,0
12,30,0,0,0,0,-1,-1,-1,Advice Needed,productivity,0
14,55,1574,0,0,0,-1,-1,-1,Advice Needed,anxiety,1
19,88,687,1,0,0,-1,-1,-1,Question,mentalhealth,1
16,106,0,0,0,0,-1,-1,-1,None,depression,1
5,62,0,0,0,0,-1,-1,-1,None,fitness,0
15,86,0,1,0,0,-1,-1,-1,Question,productivity,0
12,28,1499,0,0,0,-1,-1,-1,Work/School,anxiety,1
18,30,0,0,0,0,-1,-1,-1,Content Warning: Suicidal Thoughts / Self Harm,mentalhealth,1
11,26,0,1,0,0,-1,-1,-1,None,fitness,0
18,29,0,0,0,0,-1,-1,-1,None,fitness,0
19,37,0,0,0,0,-1,-1,-1,Question,productivity,0
1,39,1087,1,0,0,-1,-1,-1,Question,productivity,0
19,43,2113,0,0,0,-1,-1,-1,None,depression,1
2,65,0,0,0,0,-1,-1,-1,General Advice,productivity,0
19,10,452,0,0,0,-1,-1,-1,None,SuicideWatch,1
18,42,0,0,0,0,-1,-1,-1,:sport: Sports,CasualConversation,0
16,68,1259,1,0,0,-1,-1,-1,None,depression,1
20,25,2421,0,0,0,-1,-1,-1,None,SuicideWatch,1
17,62,0,0,0,0,-1,-1,-1,None,depression,1
21,17,625,1,0,0,-1,-1,-1,Discussion,anxiety,1
20,117,1690,1,0,0,-1,-1,-1,Question,mentalhealth,1
20,81,0,0,0,0,-1,-1,-1,Question,productivity,0
20,50,0,1,0,0,-1,-1,-1,Health,anxiety,1
19,30,1088,0,0,0,-1,-1,-1,Need Support,mentalhealth,1
19,72,0,0,0,0,-1,-1,-1,None,CasualConversation,0
21,53,0,1,0,0,-1,-1,-1,None,AskReddit,0
16,26,0,0,0,0,-1,-1,-1,None,depression,1
21,34,0,0,0,0,-1,-1,-1,None,depression,1
14,96,0,0,0,0,-1,-1,-1,Technique,productivity,0
21,14,4363,0,1,0,-1,-1,-1,None,SuicideWatch,1
21,85,0,1,0,0,-1,-1,-1,None,AskReddit,0
15,73,0,0,0,0,-1,-1,-1,Technique,productivity,0
20,68,661,0,0,0,-1,-1,-1,Share Your Victories,anxiety,1
17,29,1395,0,0,0,-1,-1,-1,Advice Needed,anxiety,1
21,49,95,0,0,0,-1,-1,-1,Question,mentalhealth,1
18,55,671,1,0,0,-1,-1,-1,Need Support,mentalhealth,1
20,38,1391,0,0,0,-1,-1,-1,None,SuicideWatch,1
15,74,0,1,0,0,-1,-1,-1,Question,productivity,0
20,89,586,0,0,0,-1,-1,-1,Helpful Tips!,anxiety,1
15,78,1195,1,0,0,-1,-1,-1,DAE Questions,anxiety,1
21,57,0,1,0,0,-1,-1,-1,None,AskReddit,0
20,33,1042,0,0,0,-1,-1,-1,None,depression,1
14,58,2713,0,0,0,-1,-1,-1,Advice Needed,anxiety,1
19,7,0,0,0,0,-1,-1,-1,None,fitness,0
19,46,0,0,0,0,-1,-1,-1,None,fitness,0
11,19,663,0,0,0,-1,-1,-1,Advice Needed,anxiety,1
17,34,758,0,0,0,-1,-1,-1,None,depression,1
15,35,0,0,0,0,-1,-1,-1,None,fitness,0
22,22,263,0,0,0,-1,-1,-1,Venting,mentalhealth,1
22,54,0,1,0,0,-1,-1,-1,None,AskReddit,0
22,42,322,0,0,0,-1,-1,-1,Advice Needed,productivity,0
21,28,966,1,0,0,-1,-1,-1,Question,mentalhealth,1
3,51,0,1,0,0,-1,-1,-1,None,fitness,0
20,12,171,0,0,0,-1,-1,-1,:thinking: Thoughts & Ideas,CasualConversation,0
20,41,598,1,0,0,-1,-1,-1,Advice Needed,anxiety,1
21,110,0,1,0,0,-1,-1,-1,None,AskReddit,0
14,56,0,0,0,0,-1,-1,-1,None,CasualConversation,0
19,57,316,0,0,0,-1,-1,-1,Health,anxiety,1
21,50,0,0,0,0,-1,-1,-1,None,depression,1
16,28,0,1,0,0,-1,-1,-1,None,CasualConversation,0
21,8,141,0,1,0,-1,-1,-1,None,SuicideWatch,1
20,43,568,0,1,0,-1,-1,-1,Content Warning: Violence,mentalhealth,1
22,12,0,0,0,0,-1,-1,-1,None,fitness,0
21,72,0,1,0,0,-1,-1,-1,None,AskReddit,0
5,19,0,0,0,0,-1,-1,-1,None,fitness,0
21,14,959,1,0,0,-1,-1,-1,None,depression,1
9,97,738,0,0,0,-1,-1,-1,Technique,productivity,0
15,55,0,0,0,0,-1,-1,-1,Advice Needed,productivity,0
21,82,0,1,0,0,-1,-1,-1,None,AskReddit,0
21,62,0,1,0,0,-1,-1,-1,None,AskReddit,0
9,47,169,0,0,0,-1,-1,-1,Question,productivity,0
6,88,0,0,0,0,-1,-1,-1,Advice Needed,productivity,0
21,91,0,1,1,0,-1,-1,-1,None,AskReddit,0
18,25,0,0,0,0,-1,-1,-1,None,fitness,0
14,33,2201,0,0,0,-1,-1,-1,Advice Needed,anxiety,1
16,54,0,1,0,0,-1,-1,-1,None,fitness,0
20,50,1271,1,0,0,-1,-1,-1,Question,mentalhealth,1
20,11,0,0,1,0,-1,-1,-1,Content Warning: Violence,mentalhealth,1
18,43,2116,0,1,0,-1,-1,-1,Content Warning: Suicidal Thoughts / Self Harm,mentalhealth,1
17,60,1608,0,0,0,-1,-1,-1,None,depression,1
19,11,299,0,0,0,-1,-1,-1,None,SuicideWatch,1
20,89,424,1,0,0,-1,-1,-1,Opinion / Thoughts,mentalhealth,1
18,68,0,0,0,0,-1,-1,-1,Content Warning: Suicidal Thoughts / Self Harm,mentalhealth,1
18,20,0,0,0,0,-1,-1,-1,:chat: Just Chatting,CasualConversation,0
21,31,861,0,0,0,-1,-1,-1,Content Warning: Eating Disorders,mentalhealth,1
19,47,215,1,0,0,-1,-1,-1,Question,productivity,0
20,4,2447,0,0,0,-1,-1,-1,None,SuicideWatch,1
18,24,2127,0,1,0,-1,-1,-1,Content Warning: Suicidal Thoughts / Self Harm,mentalhealth,1
20,16,846,1,0,0,-1,-1,-1,Health,anxiety,1
19,99,0,0,0,0,-1,-1,-1,None,fitness,0
18,32,796,0,0,0,-1,-1,-1,None,depression,1
9,95,0,0,0,0,-1,-1,-1,Advice Needed,productivity,0
15,39,0,1,0,0,-1,-1,-1,None,fitness,0
21,52,0,1,0,0,-1,-1,-1,None,AskReddit,0
17,28,0,0,0,0,-1,-1,-1,None,fitness,0
21,81,0,1,0,0,-1,-1,-1,None,AskReddit,0
16,23,0,0,0,0,-1,-1,-1,None,SuicideWatch,1
17,32,360,0,0,0,-1,-1,-1,Question,productivity,0
15,60,0,0,0,0,-1,-1,-1,None,fitness,0
18,26,215,0,0,0,-1,-1,-1,None,depression,1
21,37,0,1,0,0,-1,-1,-1,None,AskReddit,0
10,76,0,0,0,0,-1,-1,-1,None,fitness,0
19,65,340,0,0,0,-1,-1,-1,None,CasualConversation,0
20,21,0,0,0,0,-1,-1,-1,None,fitness,0
18,205,0,1,0,0,-1,-1,-1,:chat: Just Chatting,CasualConversation,0
18,19,0,0,0,0,-1,-1,-1,None,CasualConversation,0
16,93,549,1,0,0,-1,-1,-1,Advice Needed,anxiety,1
21,38,0,1,1,0,-1,-1,-1,None,AskReddit,0
21,53,0,1,0,0,-1,-1,-1,None,AskReddit,0
16,12,201,0,0,0,-1,-1,-1,None,depression,1
22,26,0,1,0,0,-1,-1,-1,None,fitness,0
17,25,1074,0,0,0,-1,-1,-1,None,SuicideWatch,1
11,70,0,1,0,0,-1,-1,-1,Question,productivity,0
21,82,0,1,0,0,-1,-1,-1,None,AskReddit,0
11,34,1507,1,0,0,-1,-1,-1,Health,anxiety,1
18,49,610,0,0,0,-1,-1,-1,None,SuicideWatch,1
18,38,290,0,0,0,-1,-1,-1,None,depression,1
21,58,0,1,0,0,-1,-1,-1,None,AskReddit,0
20,20,407,0,0,0,-1,-1,-1,None,SuicideWatch,1
19,19,1705,0,0,0,-1,-1,-1,None,depression,1
18,63,1297,0,0,0,-1,-1,-1,None,depression,1
14,82,0,1,0,0,-1,-1,-1,None,fitness,0
20,13,0,0,0,0,-1,-1,-1,Opinion / Thoughts,mentalhealth,1
18,64,435,0,0,0,-1,-1,-1,None,CasualConversation,0
22,50,0,1,0,0,-1,-1,-1,Question,productivity,0
20,94,336,0,0,0,-1,-1,-1,None,SuicideWatch,1
17,61,750,0,0,0,-1,-1,-1,None,depression,1
18,39,218,0,0,0,-1,-1,-1,None,SuicideWatch,1
18,50,738,0,0,0,-1,-1,-1,None,SuicideWatch,1
20,53,0,1,0,0,-1,-1,-1,None,depression,1
17,108,0,0,0,0,-1,-1,-1,None,CasualConversation,0
16,95,442,0,0,0,-1,-1,-1,None,SuicideWatch,1
17,38,3488,0,0,0,-1,-1,-1,Medication,anxiety,1
13,24,0,0,0,0,-1,-1,-1,General Advice,productivity,0
10,34,0,1,0,0,-1,-1,-1,Question,productivity,0
20,29,610,0,0,0,-1,-1,-1,None,SuicideWatch,1
18,53,0,1,0,0,-1,-1,-1,None,fitness,0
21,21,1967,0,0,0,-1,-1,-1,Venting,mentalhealth,1
20,54,0,0,0,0,-1,-1,-1,None,SuicideWatch,1
15,67,1012,0,0,0,-1,-1,-1,:story: Life Stories,CasualConversation,0
21,41,1462,1,0,0,-1,-1,-1,None,depression,1
11,50,0,1,0,0,-1,-1,-1,Question,productivity,0
23,32,1473,1,0,0,-1,-1,-1,Advice Needed,productivity,0
18,58,106,0,1,0,-1,-1,-1,None,depression,1
21,61,0,1,0,0,-1,-1,-1,None,AskReddit,0
10,32,1316,1,0,0,-1,-1,-1,Advice Needed,anxiety,1
20,41,0,0,0,0,-1,-1,-1,None,SuicideWatch,1
11,52,250,0,0,0,-1,-1,-1,Health,anxiety,1
17,79,946,1,0,0,-1,-1,-1,Travel,anxiety,1
19,119,369,0,0,0,-1,-1,-1,Needs A Hug/Support,anxiety,1
17,52,0,0,0,0,-1,-1,-1,:thinking: Thoughts & Ideas,CasualConversation,0
18,71,0,1,0,0,-1,-1,-1,Content Warning: Suicidal Thoughts / Self Harm,mentalhealth,1
20,213,101,0,0,0,-1,-1,-1,None,SuicideWatch,1
19,127,1410,1,0,0,-1,-1,-1,Need Support,mentalhealth,1
21,105,785,0,0,0,-1,-1,-1,None,CasualConversation,0
21,70,0,1,0,0,-1,-1,-1,None,AskReddit,0
3,45,0,0,0,0,-1,-1,-1,Question,productivity,0
19,74,881,1,0,0,-1,-1,-1,None,CasualConversation,0
20,10,0,0,0,0,-1,-1,-1,None,depression,1
12,12,0,0,0,0,-1,-1,-1,None,CasualConversation,0
21,48,742,0,0,0,-1,-1,-1,None,SuicideWatch,1
20,106,2171,1,1,0,-1,-1,-1,Content Warning: Suicidal Thoughts / Self Harm,mentalhealth,1
18,72,0,0,0,0,-1,-1,-1,None,depression,1
15,33,0,0,0,0,-1,-1,-1,Health,anxiety,1
15,92,659,0,0,0,-1,-1,-1,:food: Food & Drinks,CasualConversation,0
12,44,0,1,0,0,-1,-1,-1,None,fitness,0
18,56,740,1,0,0,-1,-1,-1,Needs A Hug/Support,anxiety,1
20,35,3205,0,0,0,-1,-1,-1,Health,anxiety,1
21,84,0,1,0,0,-1,-1,-1,None,AskReddit,0
20,70,2252,0,1,0,-1,-1,-1,Content Warning: Suicidal Thoughts / Self Harm,mentalhealth,1
20,19,0,0,0,0,-1,-1,-1,None,depression,1
14,57,0,0,0,0,-1,-1,-1,General Advice,productivity,0
20,69,2459,0,0,0,-1,-1,-1,Need Support,mentalhealth,1
20,12,1626,0,0,0,-1,-1,-1,Sadness / Grief,mentalhealth,1
19,33,2557,0,0,0,-1,-1,-1,None,depression,1
20,40,879,0,1,0,-1,-1,-1,Content Warning: Suicidal Thoughts / Self Harm,mentalhealth,1
10,158,0,0,0,0,-1,-1,-1,Technique,productivity,0
11,78,0,1,0,0,-1,-1,-1,None,fitness,0
22,37,0,1,0,0,-1,-1,-1,None,AskReddit,0
20,50,2385,1,0,0,-1,-1,-1,Need Support,mentalhealth,1
12,60,0,0,0,0,-1,-1,-1,Advice Needed,anxiety,1
20,15,0,1,0,0,-1,-1,-1,None,depression,1
21,148,0,1,0,0,-1,-1,-1,None,AskReddit,0
3,32,338,1,0,0,-1,-1,-1,Question,productivity,0
17,21,548,0,0,0,-1,-1,-1,None,depression,1
18,73,365,1,0,0,-1,-1,-1,None,depression,1
16,54,925,1,0,0,-1,-1,-1,None,CasualConversation,0
11,32,174,1,0,0,-1,-1,-1,Health,anxiety,1
17,69,0,0,0,0,-1,-1,-1,:question: Questions,CasualConversation,0
17,27,551,0,0,0,-1,-1,-1,None,SuicideWatch,1
21,76,0,1,0,0,-1,-1,-1,None,AskReddit,0
22,204,0,1,0,0,-1,-1,-1,None,AskReddit,0
19,27,759,0,0,0,-1,-1,-1,DAE Questions,anxiety,1
19,28,213,0,0,0,-1,-1,-1,:story: Life Stories,CasualConversation,0
16,53,0,1,0,0,-1,-1,-1,None,CasualConversation,0
21,27,922,0,0,0,-1,-1,-1,Venting,mentalhealth,1
20,62,939,0,1,0,-1,-1,-1,Content Warning: Sexual Assault,mentalhealth,1
18,115,265,1,0,0,-1,-1,-1,None,CasualConversation,0
12,18,0,0,0,0,-1,-1,-1,None,CasualConversation,0
17,15,0,0,0,0,-1,-1,-1,None,SuicideWatch,1
17,50,0,0,0,0,-1,-1,-1,None,fitness,0
19,34,500,0,0,0,-1,-1,-1,Need Support,mentalhealth,1
18,15,18,0,0,0,-1,-1,-1,None,SuicideWatch,1
16,20,384,0,0,0,-1,-1,-1,Medication,anxiety,1
21,116,0,1,0,0,-1,-1,-1,None,AskReddit,0
18,67,0,0,0,0,-1,-1,-1,Software,productivity,0
17,20,2484,0,0,0,-1,-1,-1,None,depression,1
4,50,0,0,0,0,-1,-1,-1,None,fitness,0
21,44,238,0,0,0,-1,-1,-1,None,CasualConversation,0
21,19,0,0,0,0,-1,-1,-1,None,SuicideWatch,1
21,53,0,1,0,0,-1,-1,-1,None,SuicideWatch,1
22,21,185,0,0,0,-1,-1,-1,Opinion / Thoughts,mentalhealth,1
16,21,0,0,0,0,-1,-1,-1,None,depression,1
20,83,0,1,0,0,-1,-1,-1,:chat: Just Chatting,CasualConversation,0
16,86,0,0,0,0,-1,-1,-1,None,depression,1
21,87,0,1,0,0,-1,-1,-1,None,AskReddit,0
10,84,592,1,0,0,-1,-1,-1,Question,productivity,0
7,92,4580,0,0,0,-1,-1,-1,General Advice,productivity,0
21,88,0,1,0,0,-1,-1,-1,None,AskReddit,0
12,1,0,0,0,0,-1,-1,-1,:chat: Just Chatting,CasualConversation,0
12,23,0,0,0,0,-1,-1,-1,None,CasualConversation,0
21,60,610,0,0,0,-1,-1,-1,None,depression,1
18,42,0,0,0,0,-1,-1,-1,None,CasualConversation,0
19,46,0,0,0,0,-1,-1,-1,None,depression,1
19,66,0,0,0,0,-1,-1,-1,None,depression,1
18,36,0,1,0,0,-1,-1,-1,None,SuicideWatch,1
19,93,0,0,0,0,-1,-1,-1,General Advice,productivity,0
16,81,0,1,0,0,-1,-1,-1,None,fitness,0
20,56,537,1,0,0,-1,-1,-1,:gaming: Gaming,CasualConversation,0
17,39,233,0,0,0,-1,-1,-1,None,SuicideWatch,1
21,108,0,1,0,0,-1,-1,-1,None,AskReddit,0
21,103,0,1,0,0,-1,-1,-1,None,AskReddit,0
17,20,0,0,0,0,-1,-1,-1,None,SuicideWatch,1
18,62,0,0,0,0,-1,-1,-1,None,fitness,0
19,50,0,0,0,0,-1,-1,-1,Software,productivity,0
15,26,1158,0,0,0,-1,-1,-1,Medication,anxiety,1
19,274,0,0,0,0,-1,-1,-1,Question,productivity,0
21,60,0,1,0,0,-1,-1,-1,None,AskReddit,0
21,51,0,0,0,0,-1,-1,-1,None,depression,1
21,24,1616,0,0,0,-1,-1,-1,None,depression,1
20,65,450,0,0,0,-1,-1,-1,Venting,mentalhealth,1
15,53,2196,1,0,0,-1,-1,-1,Discussion,anxiety,1
21,60,0,1,0,0,-1,-1,-1,None,AskReddit,0
18,129,641,0,0,0,-1,-1,-1,None,CasualConversation,0
20,17,2960,0,0,0,-1,-1,-1,Venting,mentalhealth,1
15,58,1035,0,0,0,-1,-1,-1,None,CasualConversation,0
19,60,627,0,0,0,-1,-1,-1,None,CasualConversation,0
6,15,0,0,0,0,-1,-1,-1,None,fitness,0
16,44,0,0,0,0,-1,-1,-1,Question,productivity,0
21,57,546,1,0,0,-1,-1,-1,Question,mentalhealth,1
16,60,222,0,0,0,-1,-1,-1,:food: Food & Drinks,CasualConversation,0
21,28,0,0,1,0,-1,-1,-1,None,depression,1
16,89,1041,1,0,0,-1,-1,-1,Work/School,anxiety,1
20,49,410,0,0,0,-1,-1,-1,None,depression,1
19,37,546,0,0,0,-1,-1,-1,Needs A Hug/Support,anxiety,1
21,75,0,1,0,0,-1,-1,-1,None,AskReddit,0
14,104,0,0,0,0,-1,-1,-1,None,fitness,0
13,64,378,0,0,0,-1,-1,-1,General Advice,productivity,0
12,58,0,0,0,0,-1,-1,-1,None,fitness,0
20,97,777,0,1,0,-1,-1,-1,Content Warning: Suicidal Thoughts / Self Harm,mentalhealth,1
17,39,0,1,0,0,-1,-1,-1,None,fitness,0
21,52,1733,0,0,0,-1,-1,-1,Advice Needed,anxiety,1
17,15,1073,0,0,0,-1,-1,-1,Progress!,anxiety,1
16,21,648,0,0,0,-1,-1,-1,None,depression,1
21,75,0,1,0,0,-1,-1,-1,None,AskReddit,0
19,26,1477,1,0,0,-1,-1,-1,Question,mentalhealth,1
21,40,0,1,0,0,-1,-1,-1,None,AskReddit,0
12,21,369,0,0,0,-1,-1,-1,Needs A Hug/Support,anxiety,1
17,21,88,0,1,0,-1,-1,-1,None,SuicideWatch,1
0,16,0,0,0,0,-1,-1,-1,None,fitness,0
18,40,1727,0,0,0,-1,-1,-1,Question,mentalhealth,1
19,15,485,0,1,0,-1,-1,-1,None,SuicideWatch,1
17,54,0,0,0,0,-1,-1,-1,None,depression,1
17,85,192,1,0,0,-1,-1,-1,None,CasualConversation,0
14,53,0,1,0,0,-1,-1,-1,None,fitness,0
13,13,278,0,0,0,-1,-1,-1,Medication,anxiety,1
18,17,0,1,0,0,-1,-1,-1,None,depression,1
21,45,0,1,0,0,-1,-1,-1,None,AskReddit,0
16,66,526,0,1,0,-1,-1,-1,None,SuicideWatch,1
14,58,1150,1,0,0,-1,-1,-1,Advice Needed,anxiety,1
17,86,652,0,0,0,-1,-1,-1,Medication,anxiety,1
16,75,611,1,0,0,-1,-1,-1,None,depression,1
21,122,0,0,0,0,-1,-1,-1,Question,productivity,0
21,74,125,0,1,0,-1,-1,-1,None,SuicideWatch,1
20,41,0,1,0,0,-1,-1,-1,None,SuicideWatch,1
19,44,0,0,0,0,-1,-1,-1,None,fitness,0
12,45,442,0,0,0,-1,-1,-1,Medication,anxiety,1
17,42,3769,0,0,0,-1,-1,-1,Venting,anxiety,1
21,18,273,0,0,0,-1,-1,-1,None,depression,1
11,40,0,0,0,0,-1,-1,-1,Software,productivity,0
20,77,0,0,0,0,-1,-1,-1,None,fitness,0
10,43,0,1,0,0,-1,-1,-1,General Advice,productivity,0
16,28,0,1,0,0,-1,-1,-1,:chat: Just Chatting,CasualConversation,0
13,12,1161,0,0,0,-1,-1,-1,Health,anxiety,1
14,21,0,0,0,0,-1,-1,-1,None,fitness,0
21,22,566,0,0,0,-1,-1,-1,None,SuicideWatch,1
18,65,2956,0,0,0,-1,-1,-1,Venting,anxiety,1
23,128,0,0,0,0,-1,-1,-1,General Advice,productivity,0
19,54,0,1,0,0,-1,-1,-1,None,CasualConversation,0
18,56,313,1,0,0,-1,-1,-1,:thinking: Thoughts & Ideas,CasualConversation,0
14,25,845,0,0,0,-1,-1,-1,Venting,anxiety,1
21,35,1663,0,0,0,-1,-1,-1,Need Support,mentalhealth,1
21,53,0,1,0,0,-1,-1,-1,None,AskReddit,0
20,8,2458,0,0,0,-1,-1,-1,None,SuicideWatch,1
0,27,0,0,0,0,-1,-1,-1,None,fitness,0
9,47,0,0,0,0,-1,-1,-1,Question,productivity,0
11,103,0,0,0,0,-1,-1,-1,General Advice,productivity,0
21,55,0,1,0,0,-1,-1,-1,None,AskReddit,0
19,41,62,0,0,0,-1,-1,-1,Need Support,mentalhealth,1
14,64,419,1,0,0,-1,-1,-1,Advice Needed,anxiety,1
21,134,0,1,0,0,-1,-1,-1,None,AskReddit,0
21,42,1756,0,0,0,-1,-1,-1,Venting,mentalhealth,1
21,33,787,0,0,0,-1,-1,-1,Need Support,mentalhealth,1
17,84,0,1,0,0,-1,-1,-1,:chat: Just Chatting,CasualConversation,0
19,39,597,0,0,0,-1,-1,-1,None,depression,1
20,13,146,0,1,0,-1,-1,-1,Content Warning: Suicidal Thoughts / Self Harm,mentalhealth,1
19,74,2589,1,0,0,-1,-1,-1,Question,mentalhealth,1
21,59,0,1,0,0,-1,-1,-1,None,AskReddit,0
15,76,404,1,0,0,-1,-1,-1,Medication,anxiety,1
16,22,961,0,0,0,-1,-1,-1,None,SuicideWatch,1
9,42,0,1,0,0,-1,-1,-1,Question,productivity,0
17,29,0,1,0,0,-1,-1,-1,None,fitness,0
21,47,1660,0,0,0,-1,-1,-1,None,SuicideWatch,1
18,13,1220,0,0,0,-1,-1,-1,None,depression,1
21,72,0,1,0,0,-1,-1,-1,None,AskReddit,0
18,20,0,0,0,0,-1,-1,-1,:thinking: Thoughts & Ideas,CasualConversation,0
21,27,1124,0,0,0,-1,-1,-1,None,SuicideWatch,1
15,24,0,0,1,0,-1,-1,-1,:question: Questions,CasualConversation,0
15,41,0,0,0,0,-1,-1,-1,Software,productivity,0
21,75,0,1,0,0,-1,-1,-1,None,AskReddit,0
9,40,719,1,0,0,-1,-1,-1,Technique,productivity,0
17,17,121,0,0,0,-1,-1,-1,None,SuicideWatch,1
21,22,539,1,0,0,-1,-1,-1,Venting,mentalhealth,1
19,84,0,1,0,0,-1,-1,-1,:question: Questions,CasualConversation,0
22,46,0,1,0,0,-1,-1,-1,None,AskReddit,0
17,101,0,1,0,0,-1,-1,-1,Question,productivity,0
19,50,738,0,0,0,-1,-1,-1,None,SuicideWatch,1
20,43,746,0,0,0,-1,-1,-1,None,SuicideWatch,1
9,15,0,0,0,0,-1,-1,-1,None,fitness,0
13,56,0,0,0,0,-1,-1,-1,None,fitness,0
17,24,1369,0,0,0,-1,-1,-1,None,SuicideWatch,1
21,43,0,1,0,0,-1,-1,-1,None,AskReddit,0
19,15,0,0,0,0,-1,-1,-1,None,depression,1
14,141,1156,0,0,1,-1,-1,-1,:gaming: Gaming,CasualConversation,0
11,36,559,0,0,0,-1,-1,-1,Advice Needed,productivity,0
14,44,0,0,0,0,-1,-1,-1,:chat: Just Chatting,CasualConversation,0
21,103,882,1,0,0,-1,-1,-1,Content Warning: Violence,mentalhealth,1
20,46,1460,1,0,0,-1,-1,-1,Need Support,mentalhealth,1
9,95,0,0,0,0,-1,-1,-1,Advice Needed,productivity,0
20,10,0,0,0,0,-1,-1,-1,None,SuicideWatch,1
19,17,437,0,0,0,-1,-1,-1,Opinion / Thoughts,mentalhealth,1
20,48,2225,0,0,0,-1,-1,-1,None,SuicideWatch,1
18,24,1984,0,0,0,-1,-1,-1,Opinion / Thoughts,mentalhealth,1
14,61,1070,1,0,0,-1,-1,-1,Medication,anxiety,1
21,24,528,0,0,0,-1,-1,-1,Question,mentalhealth,1
20,24,0,1,0,0,-1,-1,-1,None,depression,1
17,41,0,0,0,0,-1,-1,-1,None,SuicideWatch,1
21,91,0,0,0,0,-1,-1,-1,None,fitness,0
21,26,1373,0,0,0,-1,-1,-1,Opinion / Thoughts,mentalhealth,1
18,170,0,0,0,0,-1,-1,-1,Content Warning: Suicidal Thoughts / Self Harm,mentalhealth,1
6,44,672,0,0,0,-1,-1,-1,Question,productivity,0
21,26,162,0,0,0,-1,-1,-1,None,depression,1
20,49,2246,0,0,0,-1,-1,-1,:story: Life Stories,CasualConversation,0
20,19,355,0,0,0,-1,-1,-1,None,CasualConversation,0
21,26,3286,0,0,0,-1,-1,-1,Venting,mentalhealth,1
20,38,931,0,0,0,-1,-1,-1,Question,mentalhealth,1
20,41,2489,0,0,0,-1,-1,-1,None,depression,1
21,67,0,1,0,0,-1,-1,-1,None,AskReddit,0
17,51,506,0,0,0,-1,-1,-1,None,SuicideWatch,1
20,27,341,0,0,0,-1,-1,-1,None,depression,1
17,65,917,0,0,0,-1,-1,-1,None,SuicideWatch,1
16,74,0,0,0,0,-1,-1,-1,Medication,anxiety,1
10,24,528,0,0,0,-1,-1,-1,Venting,anxiety,1
18,18,0,1,0,0,-1,-1,-1,None,fitness,0
19,11,0,0,0,0,-1,-1,-1,:chat: Just Chatting,CasualConversation,0
21,27,0,1,0,0,-1,-1,-1,None,AskReddit,0
14,98,1401,0,0,0,-1,-1,-1,Advice Needed,anxiety,1
16,36,0,0,0,0,-1,-1,-1,None,fitness,0
19,32,898,0,0,0,-1,-1,-1,None,SuicideWatch,1
20,14,334,1,0,0,-1,-1,-1,None,SuicideWatch,1
17,43,633,1,0,0,-1,-1,-1,:chat: Just Chatting,CasualConversation,0
21,75,0,1,0,0,-1,-1,-1,None,AskReddit,0
20,46,361,0,0,0,-1,-1,-1,Venting,mentalhealth,1
19,59,0,0,0,0,-1,-1,-1,:gaming: Gaming,CasualConversation,0
12,32,493,1,0,0,-1,-1,-1,Advice Needed,anxiety,1
21,55,486,0,0,0,-1,-1,-1,None,SuicideWatch,1
12,5,222,0,0,0,-1,-1,-1,:chat: Just Chatting,CasualConversation,0
17,60,19,0,0,0,-1,-1,-1,None,SuicideWatch,1
19,11,289,0,1,0,-1,-1,-1,Content Warning: Suicidal Thoughts / Self Harm,mentalhealth,1
14,59,222,0,0,0,-1,-1,-1,:chat: Just Chatting,CasualConversation,0
18,21,653,0,0,0,-1,-1,-1,None,depression,1
21,147,0,1,0,0,-1,-1,-1,None,AskReddit,0
19,47,767,0,0,0,-1,-1,-1,Health,anxiety,1
12,40,1595,1,0,0,-1,-1,-1,Health,anxiety,1
20,13,3947,0,0,0,-1,-1,-1,None,depression,1
20,2,64,0,0,0,-1,-1,-1,None,SuicideWatch,1
21,24,1616,0,0,0,-1,-1,-1,Need Support,mentalhealth,1
15,18,370,1,0,0,-1,-1,-1,Medication,anxiety,1
21,60,0,1,0,0,-1,-1,-1,None,AskReddit,0
15,81,222,1,0,0,-1,-1,-1,None,CasualConversation,0
21,34,0,1,0,0,-1,-1,-1,None,AskReddit,0
15,89,0,0,0,0,-1,-1,-1,None,CasualConversation,0
18,34,0,0,0,0,-1,-1,-1,Technique,productivity,0
16,41,0,1,0,0,-1,-1,-1,None,SuicideWatch,1
21,54,0,0,0,0,-1,-1,-1,None,SuicideWatch,1
21,34,0,1,0,0,-1,-1,-1,None,AskReddit,0
18,52,266,0,0,0,-1,-1,-1,Question,productivity,0
21,68,0,1,0,0,-1,-1,-1,None,AskReddit,0
16,66,0,0,0,0,-1,-1,-1,None,depression,1
17,30,388,0,0,0,-1,-1,-1,None,SuicideWatch,1
22,36,1485,0,1,0,-1,-1,-1,Content Warning: Suicidal Thoughts / Self Harm,mentalhealth,1
16,66,0,0,0,0,-1,-1,-1,None,fitness,0
21,62,0,1,0,0,-1,-1,-1,None,AskReddit,0
21,103,0,1,0,0,-1,-1,-1,None,AskReddit,0
10,94,878,1,0,0,-1,-1,-1,Question,productivity,0
21,67,0,1,0,0,-1,-1,-1,None,AskReddit,0
18,50,0,0,0,0,-1,-1,-1,General Advice,productivity,0
21,66,0,1,0,0,-1,-1,-1,None,AskReddit,0
21,34,214,1,0,0,-1,-1,-1,None,depression,1
12,30,1414,0,0,0,-1,-1,-1,Question,productivity,0
19,37,568,0,0,0,-1,-1,-1,None,depression,1
12,60,345,1,0,0,-1,-1,-1,Question,productivity,0
19,30,763,0,0,0,-1,-1,-1,None,SuicideWatch,1
19,99,0,0,0,0,-1,-1,-1,None,fitness,0
17,48,3733,0,0,0,-1,-1,-1,None,SuicideWatch,1
21,14,317,0,0,0,-1,-1,-1,None,depression,1
21,53,0,1,0,0,-1,-1,-1,None,AskReddit,0
19,82,0,0,0,0,-1,-1,-1,None,depression,1
16,24,0,0,0,0,-1,-1,-1,Question,productivity,0
22,47,0,0,0,0,-1,-1,-1,Question,productivity,0
15,42,0,1,0,0,-1,-1,-1,:film: Movies & Shows,CasualConversation,0
12,75,0,1,0,0,-1,-1,-1,Medication,anxiety,1
21,67,0,1,0,0,-1,-1,-1,None,AskReddit,0
19,45,928,0,1,0,-1,-1,-1,Venting,anxiety,1
20,36,429,1,0,0,-1,-1,-1,None,depression,1
10,16,0,0,0,0,-1,-1,-1,None,fitness,0
18,47,0,0,0,0,-1,-1,-1,None,CasualConversation,0
19,13,385,0,1,0,-1,-1,-1,Content Warning: Suicidal Thoughts / Self Harm,mentalhealth,1
18,73,866,0,0,0,-1,-1,-1,Discussion,anxiety,1
20,117,1690,1,0,0,-1,-1,-1,None,depression,1
15,46,0,0,0,0,-1,-1,-1,Software,productivity,0
19,50,2403,0,0,0,-1,-1,-1,Opinion / Thoughts,mentalhealth,1
15,16,0,0,0,0,-1,-1,-1,:story: Life Stories,CasualConversation,0
17,69,0,1,0,0,-1,-1,-1,Advice Needed,productivity,0
16,41,0,1,0,0,-1,-1,-1,None,fitness,0
14,24,0,0,0,0,-1,-1,-1,None,fitness,0
16,15,0,0,0,0,-1,-1,-1,None,SuicideWatch,1
16,69,0,0,0,0,-1,-1,-1,None,fitness,0
14,26,0,1,0,0,-1,-1,-1,None,fitness,0
22,69,0,1,0,0,-1,-1,-1,None,AskReddit,0
16,92,1016,0,0,0,-1,-1,-1,Question,productivity,0
18,16,0,0,0,0,-1,-1,-1,None,fitness,0
16,63,0,1,0,0,-1,-1,-1,Question,productivity,0
18,7,792,0,0,0,-1,-1,-1,None,SuicideWatch,1
2,61,0,0,0,0,-1,-1,-1,Technique,productivity,0
19,171,13,0,0,0,-1,-1,-1,None,SuicideWatch,1
21,37,0,1,0,0,-1,-1,-1,None,AskReddit,0
21,97,0,1,0,0,-1,-1,-1,None,AskReddit,0
17,112,0,1,0,0,-1,-1,-1,None,fitness,0
21,26,329,0,0,0,-1,-1,-1,None,SuicideWatch,1
19,50,768,1,0,0,-1,-1,-1,Advice Needed,anxiety,1
11,47,0,0,0,0,-1,-1,-1,Advice Needed,productivity,0
21,66,286,0,0,0,-1,-1,-1,None,SuicideWatch,1
19,65,1312,0,0,0,-1,-1,-1,None,CasualConversation,0
19,89,0,0,0,0,-1,-1,-1,None,CasualConversation,0
20,19,0,0,0,0,-1,-1,-1,None,SuicideWatch,1
19,16,0,0,0,0,-1,-1,-1,None,depression,1
19,7,0,0,0,0,-1,-1,-1,None,SuicideWatch,1
21,101,0,0,0,0,-1,-1,-1,None,CasualConversation,0
1,146,0,0,0,0,-1,-1,-1,General Advice,productivity,0
20,59,1415,0,0,0,-1,-1,-1,Venting,anxiety,1
17,51,0,1,0,0,-1,-1,-1,None,fitness,0
15,24,0,0,0,0,-1,-1,-1,None,fitness,0
21,62,0,0,0,0,-1,-1,-1,None,depression,1
22,16,0,0,0,0,-1,-1,-1,None,fitness,0
20,17,222,0,0,0,-1,-1,-1,None,depression,1
17,96,389,1,0,0,-1,-1,-1,:chat: Just Chatting,CasualConversation,0
15,41,811,0,0,0,-1,-1,-1,Health,anxiety,1
22,156,477,0,0,0,-1,-1,-1,Venting,mentalhealth,1
19,16,0,0,0,0,-1,-1,-1,None,fitness,0
21,58,0,1,0,0,-1,-1,-1,None,AskReddit,0
21,37,0,1,0,0,-1,-1,-1,None,AskReddit,0
15,16,1259,0,0,0,-1,-1,-1,Work/School,anxiety,1
10,39,0,0,0,0,-1,-1,-1,Needs A Hug/Support,anxiety,1
20,60,0,1,0,0,-1,-1,-1,None,CasualConversation,0
19,33,645,0,0,0,-1,-1,-1,None,SuicideWatch,1
8,44,1824,0,0,1,-1,-1,-1,None,fitness,0
17,103,0,1,0,0,-1,-1,-1,General Advice,productivity,0
21,32,0,1,0,0,-1,-1,-1,None,AskReddit,0
14,58,0,1,0,0,-1,-1,-1,None,CasualConversation,0
19,14,1358,0,0,0,-1,-1,-1,None,SuicideWatch,1
20,35,77,0,0,0,-1,-1,-1,None,SuicideWatch,1
21,56,0,1,0,0,-1,-1,-1,None,AskReddit,0
7,49,0,0,0,0,-1,-1,-1,Question,productivity,0
21,41,0,1,0,0,-1,-1,-1,None,fitness,0
20,194,375,0,1,0,-1,-1,-1,Content Warning: Suicidal Thoughts / Self Harm,mentalhealth,1
16,54,0,1,0,0,-1,-1,-1,:chat: Just Chatting,CasualConversation,0
20,41,388,1,0,0,-1,-1,-1,Venting,mentalhealth,1
17,19,1065,1,0,0,-1,-1,-1,None,SuicideWatch,1
20,299,0,1,0,0,-1,-1,-1,None,SuicideWatch,1
16,31,0,0,0,0,-1,-1,-1,None,fitness,0
20,13,241,0,0,0,-1,-1,-1,None,SuicideWatch,1
20,132,1698,0,0,0,-1,-1,-1,Advice Needed,productivity,0
16,10,234,0,0,0,-1,-1,-1,None,SuicideWatch,1
12,48,436,0,0,0,-1,-1,-1,Venting,anxiety,1
11,119,3611,0,0,0,-1,-1,-1,Health,anxiety,1
22,114,209,1,0,0,-1,-1,-1,:thinking: Thoughts & Ideas,CasualConversation,0
20,2,0,0,0,0,-1,-1,-1,None,SuicideWatch,1
17,25,992,0,0,0,-1,-1,-1,None,SuicideWatch,1
21,29,1522,0,0,0,-1,-1,-1,Health,anxiety,1
18,52,419,1,0,0,-1,-1,-1,:chat: Just Chatting,CasualConversation,0
16,29,0,0,0,0,-1,-1,-1,Advice Needed,anxiety,1
20,29,1048,0,0,0,-1,-1,-1,None,CasualConversation,0
17,59,0,0,0,0,-1,-1,-1,Technique,productivity,0
20,32,977,0,0,0,-1,-1,-1,None,SuicideWatch,1
21,21,355,0,0,0,-1,-1,-1,None,CasualConversation,0
10,95,0,0,0,0,-1,-1,-1,None,fitness,0
14,23,0,1,0,0,-1,-1,-1,None,fitness,0
11,43,0,0,0,0,-1,-1,-1,Question,productivity,0
19,38,611,0,0,0,-1,-1,-1,Advice Needed,anxiety,1
11,42,0,1,0,0,-1,-1,-1,Question,productivity,0
17,16,0,0,0,0,-1,-1,-1,None,fitness,0
10,24,0,0,0,0,-1,-1,-1,General Advice,productivity,0
16,43,0,1,0,0,-1,-1,-1,None,fitness,0
18,95,3492,0,0,0,-1,-1,-1,Venting,mentalhealth,1
16,93,0,0,0,0,-1,-1,-1,Question,productivity,0
21,40,0,1,0,0,-1,-1,-1,None,AskReddit,0
14,52,529,1,0,0,-1,-1,-1,Medication,anxiety,1
14,79,0,1,0,0,-1,-1,-1,Question,productivity,0
18,205,0,1,0,0,-1,-1,-1,:chat: Just Chatting,CasualConversation,0
12,22,157,0,0,0,-1,-1,-1,:note: Music,CasualConversation,0
21,16,753,0,0,0,-1,-1,-1,None,SuicideWatch,1
17,87,1728,0,0,0,-1,-1,-1,Advice Needed,anxiety,1
12,30,0,0,0,0,-1,-1,-1,None,fitness,0
19,20,0,0,0,0,-1,-1,-1,None,fitness,0
19,22,1896,0,0,0,-1,-1,-1,Venting,mentalhealth,1
17,20,635,0,0,0,-1,-1,-1,Advice Needed,anxiety,1
9,73,0,0,0,0,-1,-1,-1,None,fitness,0
21,41,0,1,1,0,-1,-1,-1,Venting,mentalhealth,1
20,58,203,1,0,0,-1,-1,-1,None,CasualConversation,0
15,69,174,0,0,0,-1,-1,-1,General Advice,productivity,0
19,57,1526,0,0,0,-1,-1,-1,Need Support,mentalhealth,1
15,26,2103,0,0,0,-1,-1,-1,Helpful Tips!,anxiety,1
11,54,0,0,0,0,-1,-1,-1,None,fitness,0
12,21,326,0,0,0,-1,-1,-1,Advice Needed,anxiety,1
18,74,0,0,0,0,-1,-1,-1,Content Warning: Suicidal Thoughts / Self Harm,mentalhealth,1
18,30,782,0,0,0,-1,-1,-1,Venting,mentalhealth,1
19,75,1909,0,0,0,-1,-1,-1,Work/School,anxiety,1
22,43,1991,0,0,0,-1,-1,-1,Question,productivity,0
19,75,0,0,0,0,-1,-1,-1,None,fitness,0
15,43,739,1,0,0,-1,-1,-1,:chat: Just Chatting,CasualConversation,0
20,47,36,0,1,0,-1,-1,-1,Content Warning: Suicidal Thoughts / Self Harm,mentalhealth,1
22,64,0,1,0,0,-1,-1,-1,None,AskReddit,0
5,45,0,0,0,0,-1,-1,-1,None,fitness,0
12,61,282,0,0,0,-1,-1,-1,Question,productivity,0
8,88,0,0,0,0,-1,-1,-1,Technique,productivity,0
13,65,477,1,0,0,-1,-1,-1,Question,productivity,0
15,54,0,0,0,0,-1,-1,-1,None,fitness,0
16,49,0,1,0,0,-1,-1,-1,None,fitness,0
2,9,0,0,0,0,-1,-1,-1,None,fitness,0
17,23,0,0,0,0,-1,-1,-1,None,fitness,0
21,43,0,1,0,0,-1,-1,-1,None,AskReddit,0
21,50,0,1,0,0,-1,-1,-1,None,AskReddit,0
16,16,0,0,0,0,-1,-1,-1,None,depression,1
16,38,348,0,0,0,-1,-1,-1,Medication,anxiety,1
18,30,0,0,0,0,-1,-1,-1,None,SuicideWatch,1
21,87,0,1,0,0,-1,-1,-1,None,AskReddit,0
20,19,1182,0,0,0,-1,-1,-1,None,depression,1
21,34,0,1,0,0,-1,-1,-1,None,AskReddit,0
17,74,248,0,0,0,-1,-1,-1,None,SuicideWatch,1
20,10,0,0,0,0,-1,-1,-1,None,fitness,0
15,36,0,0,0,0,-1,-1,-1,None,fitness,0
16,25,0,0,0,0,-1,-1,-1,None,fitness,0
2,41,591,0,0,0,-1,-1,-1,General Advice,productivity,0
16,21,0,0,0,0,-1,-1,-1,None,depression,1
21,53,0,1,0,0,-1,-1,-1,None,AskReddit,0
17,12,211,0,0,0,-1,-1,-1,Needs A Hug/Support,anxiety,1
21,99,0,1,0,0,-1,-1,-1,None,AskReddit,0
16,79,310,1,0,0,-1,-1,-1,:gaming: Gaming,CasualConversation,0
21,64,0,1,0,0,-1,-1,-1,None,AskReddit,0
19,37,0,0,0,0,-1,-1,-1,Question,productivity,0
20,47,395,1,0,0,-1,-1,-1,Advice Needed,anxiety,1
18,67,0,0,0,0,-1,-1,-1,Venting,mentalhealth,1
18,71,1783,0,0,0,-1,-1,-1,Question,mentalhealth,1
16,52,0,0,0,0,-1,-1,-1,None,fitness,0
19,29,543,1,0,0,-1,-1,-1,Advice Needed,anxiety,1
21,62,289,0,0,0,-1,-1,-1,None,depression,1
4,17,0,0,0,0,-1,-1,-1,None,fitness,0
15,68,0,0,0,0,-1,-1,-1,Advice Needed,productivity,0
16,47,0,1,0,0,-1,-1,-1,None,fitness,0
21,40,0,1,0,0,-1,-1,-1,None,AskReddit,0
16,44,0,0,0,0,-1,-1,-1,None,depression,1
21,76,0,1,0,0,-1,-1,-1,None,AskReddit,0
21,205,205,1,0,0,-1,-1,-1,None,CasualConversation,0
22,63,0,1,0,0,-1,-1,-1,None,AskReddit,0
19,16,328,0,0,0,-1,-1,-1,None,depression,1
20,23,1628,0,0,0,-1,-1,-1,None,depression,1
21,26,168,1,0,0,-1,-1,-1,Advice Needed,anxiety,1
20,18,524,0,1,0,-1,-1,-1,None,SuicideWatch,1
20,21,561,0,0,0,-1,-1,-1,None,depression,1
19,103,627,1,0,0,-1,-1,-1,Advice Needed,productivity,0
18,51,713,1,0,0,-1,-1,-1,Discussion,anxiety,1
13,113,665,0,0,0,-1,-1,-1,None,CasualConversation,0
18,18,653,0,0,0,-1,-1,-1,Need Support,mentalhealth,1
12,13,341,0,0,0,-1,-1,-1,Advice Needed,anxiety,1
19,39,628,1,0,0,-1,-1,-1,None,CasualConversation,0
17,92,0,1,0,0,-1,-1,-1,None,fitness,0
18,21,3489,0,0,0,-1,-1,-1,Opinion / Thoughts,mentalhealth,1
21,48,0,1,0,0,-1,-1,-1,None,AskReddit,0
12,17,164,0,0,0,-1,-1,-1,:thinking: Thoughts & Ideas,CasualConversation,0
20,104,0,0,0,0,-1,-1,-1,None,SuicideWatch,1
18,21,0,1,0,0,-1,-1,-1,None,depression,1
15,24,553,0,0,0,-1,-1,-1,None,CasualConversation,0
1,26,0,1,0,0,-1,-1,-1,None,fitness,0
20,162,901,0,0,0,-1,-1,-1,None,SuicideWatch,1
15,46,363,0,0,0,-1,-1,-1,Software,productivity,0
21,24,0,1,0,0,-1,-1,-1,None,AskReddit,0
18,49,1695,1,0,0,-1,-1,-1,None,depression,1
21,15,0,1,0,0,-1,-1,-1,None,depression,1
19,33,1309,0,1,0,-1,-1,-1,None,SuicideWatch,1
20,37,2814,0,0,0,-1,-1,-1,None,depression,1
12,63,698,0,0,0,-1,-1,-1,:chat: Just Chatting,CasualConversation,0
18,15,235,0,0,0,-1,-1,-1,Question,mentalhealth,1
17,25,1969,0,0,0,-1,-1,-1,None,SuicideWatch,1
20,22,710,0,0,0,-1,-1,-1,Health,anxiety,1
19,53,0,0,0,0,-1,-1,-1,None,depression,1
20,17,617,0,1,0,-1,-1,-1,Content Warning: Suicidal Thoughts / Self Harm,mentalhealth,1
11,38,738,1,0,0,-1,-1,-1,Advice Needed,anxiety,1
20,57,293,0,0,0,-1,-1,-1,Advice Needed,productivity,0
16,75,3667,0,0,0,-1,-1,-1,Helpful Tips!,anxiety,1
16,142,580,0,0,1,-1,-1,-1,:thinking: Thoughts & Ideas,CasualConversation,0
17,20,213,0,0,0,-1,-1,-1,None,CasualConversation,0
9,107,0,0,0,0,-1,-1,-1,General Advice,productivity,0
14,9,26,1,0,0,-1,-1,-1,Medication,anxiety,1
21,30,884,0,0,0,-1,-1,-1,Needs A Hug/Support,anxiety,1
18,24,0,1,0,0,-1,-1,-1,None,SuicideWatch,1
21,102,0,1,1,0,-1,-1,-1,None,AskReddit,0
21,73,0,0,0,0,-1,-1,-1,None,CasualConversation,0
19,71,2878,0,0,0,-1,-1,-1,Advice Needed,productivity,0
15,86,300,0,0,0,-1,-1,-1,:question: Questions,CasualConversation,0
21,111,3096,0,0,0,-1,-1,-1,None,SuicideWatch,1
21,54,0,1,0,0,-1,-1,-1,None,AskReddit,0
18,24,899,1,0,0,-1,-1,-1,Venting,mentalhealth,1
21,23,967,0,0,0,-1,-1,-1,None,depression,1
19,69,0,0,0,0,-1,-1,-1,Software,productivity,0
21,56,0,1,0,0,-1,-1,-1,None,AskReddit,0
17,25,306,0,0,0,-1,-1,-1,None,depression,1
21,16,543,0,0,0,-1,-1,-1,Work/School,anxiety,1
20,50,738,0,0,0,-1,-1,-1,None,depression,1
21,65,0,1,0,0,-1,-1,-1,None,AskReddit,0
19,104,0,1,0,0,-1,-1,-1,None,CasualConversation,0
17,24,1340,0,0,0,-1,-1,-1,None,CasualConversation,0
19,20,355,0,0,0,-1,-1,-1,Sadness / Grief,mentalhealth,1
16,30,1981,0,0,0,-1,-1,-1,None,depression,1
20,24,0,0,1,0,-1,-1,-1,Opinion / Thoughts,mentalhealth,1
21,86,0,1,0,0,-1,-1,-1,None,AskReddit,0
20,106,2171,1,0,0,-1,-1,-1,Need Support,mentalhealth,1
16,16,470,0,0,0,-1,-1,-1,Medication,anxiety,1
21,22,557,0,1,0,-1,-1,-1,None,depression,1
21,99,759,0,0,0,-1,-1,-1,Content Warrning: Animal Abuse,mentalhealth,1
21,19,0,0,0,0,-1,-1,-1,None,fitness,0
18,24,0,1,0,0,-1,-1,-1,Content Warning: Suicidal Thoughts / Self Harm,mentalhealth,1
14,26,772,0,0,0,-1,-1,-1,Advice Needed,anxiety,1
18,36,0,1,0,0,-1,-1,-1,None,SuicideWatch,1
10,57,0,1,0,0,-1,-1,-1,Question,productivity,0
1,13,0,0,0,0,-1,-1,-1,None,fitness,0
14,56,0,0,0,0,-1,-1,-1,:chat: Just Chatting,CasualConversation,0
14,112,0,0,0,0,-1,-1,-1,Software,productivity,0
22,85,0,1,0,0,-1,-1,-1,None,AskReddit,0
16,85,561,0,0,0,-1,-1,-1,Needs A Hug/Support,anxiety,1
21,41,0,1,0,0,-1,-1,-1,None,AskReddit,0
21,46,0,1,0,0,-1,-1,-1,None,AskReddit,0
16,50,0,0,0,0,-1,-1,-1,None,fitness,0
16,29,618,0,1,0,-1,-1,-1,None,SuicideWatch,1
12,23,0,0,0,0,-1,-1,-1,None,fitness,0
15,32,146,1,0,0,-1,-1,-1,None,CasualConversation,0
16,12,0,0,0,0,-1,-1,-1,None,fitness,0
21,35,0,1,0,0,-1,-1,-1,None,AskReddit,0
18,36,1052,0,0,0,-1,-1,-1,None,depression,1
15,68,913,1,0,0,-1,-1,-1,:question: Questions,CasualConversation,0
21,44,0,1,0,0,-1,-1,-1,None,AskReddit,0
4,62,0,0,0,0,-1,-1,-1,Question,productivity,0
16,28,443,0,0,0,-1,-1,-1,Health,anxiety,1
20,19,1212,0,1,0,-1,-1,-1,None,depression,1
21,60,0,0,0,0,-1,-1,-1,Content Warning: Suicidal Thoughts / Self Harm,mentalhealth,1
16,7,691,0,0,0,-1,-1,-1,None,CasualConversation,0
18,38,1493,0,0,0,-1,-1,-1,None,SuicideWatch,1
13,18,593,0,0,0,-1,-1,-1,Medication,anxiety,1
16,22,8917,0,0,0,-1,-1,-1,None,SuicideWatch,1
18,29,770,0,1,0,-1,-1,-1,Content Warning: Suicidal Thoughts / Self Harm,mentalhealth,1
20,94,0,1,0,0,-1,-1,-1,:chat: Just Chatting,CasualConversation,0
13,56,0,1,0,0,-1,-1,-1,:chat: Just Chatting,CasualConversation,0
20,35,0,0,0,0,-1,-1,-1,Content Warning: Violence,mentalhealth,1
18,34,1142,0,0,0,-1,-1,-1,Advice Needed,productivity,0
21,11,1330,0,1,0,-1,-1,-1,Content Warning: Suicidal Thoughts / Self Harm,mentalhealth,1
19,27,0,0,0,0,-1,-1,-1,None,fitness,0
20,35,1035,0,0,0,-1,-1,-1,None,SuicideWatch,1
18,19,0,0,0,0,-1,-1,-1,None,fitness,0
16,22,609,0,0,0,-1,-1,-1,None,depression,1
19,67,2416,1,1,0,-1,-1,-1,Content Warning: Suicidal Thoughts / Self Harm,mentalhealth,1
16,93,0,1,0,0,-1,-1,-1,None,depression,1
16,36,224,1,0,0,-1,-1,-1,:chat: Just Chatting,CasualConversation,0
20,92,1229,0,0,0,-1,-1,-1,Venting,mentalhealth,1
20,41,246,0,0,0,-1,-1,-1,Needs A Hug/Support,anxiety,1
16,53,0,1,0,0,-1,-1,-1,:chat: Just Chatting,CasualConversation,0
20,4,484,0,0,0,-1,-1,-1,None,SuicideWatch,1
16,23,0,0,0,0,-1,-1,-1,None,fitness,0
20,25,2932,0,0,0,-1,-1,-1,None,depression,1
20,54,0,0,0,0,-1,-1,-1,General Advice,productivity,0
18,17,0,0,0,0,-1,-1,-1,None,depression,1
21,8,3965,0,0,0,-1,-1,-1,None,SuicideWatch,1
14,73,0,0,0,0,-1,-1,-1,Venting,anxiety,1
18,44,0,1,0,0,-1,-1,-1,None,CasualConversation,0
21,53,1139,0,0,0,-1,-1,-1,None,SuicideWatch,1
